Date,District,PM2.5,PM10,NO2,SO2
01-01-16,Kolkata,-1,368.87,64.43,2
02-01-16,Kolkata,-1,387.22,78.33,-1
03-01-16,Kolkata,181,333.46,77.16,8.5
04-01-16,Kolkata,176,335.55,73.69,8.5
05-01-16,Kolkata,166,323.34,68.28,5.83
06-01-16,Kolkata,173,287.43,74.45,6.26
07-01-16,Kolkata,197,302.55,73.48,6.74
08-01-16,Kolkata,182,328.33,80.43,6.67
09-01-16,Kolkata,179,390.13,92.77,8.87
10-01-16,Kolkata,167,263.41,67.67,6.63
11-01-16,Kolkata,121,299.49,61.25,5.48
12-01-16,Kolkata,109,244.81,54.78,5.06
13-01-16,Kolkata,174,253.26,78.95,7.13
14-01-16,Kolkata,195,276.89,75.06,5.63
15-01-16,Kolkata,194,282.9,76.44,6.33
16-01-16,Kolkata,166,263.35,68.86,5.7
17-01-16,Kolkata,115,201.54,62.13,4.85
18-01-16,Kolkata,136,198.62,58.65,4.08
19-01-16,Kolkata,171,260.25,68.26,5.54
20-01-16,Kolkata,149.5,238.71,68.64,6.51
21-01-16,Kolkata,191,249.29,59.64,5.54
22-01-16,Kolkata,129,196.61,64.08,8.44
23-01-16,Kolkata,137,210.56,67.94,7.98
24-01-16,Kolkata,166,222.8,69.55,6.83
25-01-16,Kolkata,96,206.95,60.34,5.38
26-01-16,Kolkata,101,212.46,66.85,6.43
27-01-16,Kolkata,189,274.53,83,7.69
28-01-16,Kolkata,135,246.06,68.65,5.23
29-01-16,Kolkata,174,247.77,67.73,8.59
30-01-16,Kolkata,147,256.11,73.03,7.87
31-01-16,Kolkata,156,278.48,79.78,8.54
01-02-16,Kolkata,190,264.47,72.38,7.32
02-02-16,Kolkata,157,226.87,66.29,6.1
03-02-16,Kolkata,144,254.04,74.23,7.62
04-02-16,Kolkata,-1,186.39,55.48,4.82
05-02-16,Kolkata,144,237.41,63.24,6.52
06-02-16,Kolkata,132,199.95,58.5,5.61
07-02-16,Kolkata,137,242.23,66.39,6.93
08-02-16,Kolkata,157,289.66,68.3,7.25
09-02-16,Kolkata,116,231.6,54.51,4.92
10-02-16,Kolkata,83,202.92,50.62,4.56
11-02-16,Kolkata,157.5,260.92,69.99,8.46
12-02-16,Kolkata,188,277.83,64.48,7.54
13-02-16,Kolkata,51,120.24,48.29,3
14-02-16,Kolkata,73,159.46,51.42,3.96
15-02-16,Kolkata,90,228.61,56.5,6.21
16-02-16,Kolkata,74,156.07,50.94,4.06
17-02-16,Kolkata,110,180.74,62.65,4.91
18-02-16,Kolkata,105,183.73,56.55,4.82
19-02-16,Kolkata,91,189.62,65.06,6.07
20-02-16,Kolkata,98,180.23,62.76,6
21-02-16,Kolkata,92,184.22,59.58,5.52
22-02-16,Kolkata,107,190.07,61.07,5.17
23-02-16,Kolkata,69,158.27,51.63,3.47
24-02-16,Kolkata,84,168.63,52.49,5.27
25-02-16,Kolkata,89,199.64,49.98,4.5
26-02-16,Kolkata,34,81.7,34.85,2.72
27-02-16,Kolkata,49,90.63,41.37,2.96
28-02-16,Kolkata,55,83.7,46.06,3.27
29-02-16,Kolkata,76,129.39,50.85,3.77
01-03-16,Kolkata,62,128.91,44.15,3.07
02-03-16,Kolkata,103,152.99,55.98,3.98
03-03-16,Kolkata,64,117.45,47.63,3.46
04-03-16,Kolkata,54,110.25,44.81,3.82
05-03-16,Kolkata,63,98.56,43.84,2.81
06-03-16,Kolkata,69,118.26,48.57,3.43
07-03-16,Kolkata,74,134.82,49.58,4.69
08-03-16,Kolkata,78,140.48,46.43,3.68
09-03-16,Kolkata,91.5,181.49,55.44,5.42
10-03-16,Kolkata,58,134.45,52.62,3.8
11-03-16,Kolkata,65,128.68,44.52,3.38
12-03-16,Kolkata,83,148.77,50.36,5.47
13-03-16,Kolkata,91,166.08,52.01,5.36
14-03-16,Kolkata,73,147.3,46.77,3.9
15-03-16,Kolkata,77,150.35,45.68,3.49
16-03-16,Kolkata,72,139.31,49.74,4.34
17-03-16,Kolkata,59,122.31,42.66,3.31
18-03-16,Kolkata,83,144.05,46.97,4.22
19-03-16,Kolkata,89,159.29,51.16,4.87
20-03-16,Kolkata,77,127.12,40.96,4.11
21-03-16,Kolkata,53,98.61,33.16,2.94
22-03-16,Kolkata,43,96.69,32.91,2.59
23-03-16,Kolkata,57,104.86,41.9,4.12
24-03-16,Kolkata,78,158.06,48.45,5.45
25-03-16,Kolkata,84,157.11,44.72,4.55
26-03-16,Kolkata,63,140.63,45.01,5.29
27-03-16,Kolkata,50,107.24,33.99,3.25
28-03-16,Kolkata,52,85.24,35.77,3.56
29-03-16,Kolkata,46,86.86,33.17,3.3
30-03-16,Kolkata,69,123.97,43.37,4.98
31-03-16,Kolkata,55.5,111.58,39.64,4.01
01-04-16,Kolkata,48,85.39,38.84,3.83
02-04-16,Kolkata,45,80.41,34.63,4.43
03-04-16,Kolkata,42,68.05,36.31,3.82
04-04-16,Kolkata,40,70.56,34.11,3.58
05-04-16,Kolkata,37,73.68,32.33,2.95
06-04-16,Kolkata,47,79.18,34.83,4.11
07-04-16,Kolkata,43,84.61,34.98,3.17
08-04-16,Kolkata,60,114.11,48.23,5.09
09-04-16,Kolkata,62,119.08,41.49,5.41
10-04-16,Kolkata,50,107.95,41.21,4.08
11-04-16,Kolkata,57,108.48,40.61,5.43
12-04-16,Kolkata,50,96.71,34.13,3.42
13-04-16,Kolkata,45,108.38,42.64,4.19
14-04-16,Kolkata,62,125.67,44.79,5.01
15-04-16,Kolkata,55,121.54,40.73,4.66
16-04-16,Kolkata,41,89.76,33.76,3.68
17-04-16,Kolkata,49,87.48,33.8,3.78
18-04-16,Kolkata,53,81.38,30.57,3.82
19-04-16,Kolkata,43,77.09,29.95,3.46
20-04-16,Kolkata,39,78.32,38.13,3.28
21-04-16,Kolkata,45,93.8,35.06,4.2
22-04-16,Kolkata,33,75.9,36.94,4.44
23-04-16,Kolkata,32,66.81,30.89,2.25
24-04-16,Kolkata,42,82.7,32.2,3.83
25-04-16,Kolkata,41,83.99,36.72,3.13
26-04-16,Kolkata,34,99.32,31.57,3.68
27-04-16,Kolkata,26,69.26,28.31,3.13
28-04-16,Kolkata,32,64.02,32.07,4.11
29-04-16,Kolkata,48,83.28,36.09,4.52
30-04-16,Kolkata,40,80.99,36.09,4.56
01-05-16,Kolkata,33,66.2,32.56,3.33
02-05-16,Kolkata,29,64.08,29.24,3.26
03-05-16,Kolkata,45,115.21,36.69,5.91
04-05-16,Kolkata,56,77.87,33.87,3.94
05-05-16,Kolkata,40,74.96,33.93,4.33
06-05-16,Kolkata,38,84.3,40.93,5.11
07-05-16,Kolkata,41,79.97,35.17,4.27
08-05-16,Kolkata,34,70.82,31.15,3.87
09-05-16,Kolkata,30,65.92,35.29,2.54
10-05-16,Kolkata,32,55.86,30.21,2.73
11-05-16,Kolkata,36,62.33,39.41,4.79
12-05-16,Kolkata,39,65.27,35.69,4.72
13-05-16,Kolkata,37,74.59,34.05,4.3
14-05-16,Kolkata,42,83.56,36.71,5.17
15-05-16,Kolkata,29,57.71,29.01,3.65
16-05-16,Kolkata,22,50.68,30.71,3.36
17-05-16,Kolkata,57,65.97,31.5,3.77
18-05-16,Kolkata,23,45.05,31.76,3.51
19-05-16,Kolkata,30.5,63.14,34.12,3.84
20-05-16,Kolkata,34,55.17,29.93,3.92
21-05-16,Kolkata,21,29.54,25.02,2.68
22-05-16,Kolkata,24,74.31,27.46,2.95
23-05-16,Kolkata,37,190.16,33.07,2.83
24-05-16,Kolkata,44,247.91,34.24,3.33
25-05-16,Kolkata,36,101.3,39.38,4.43
26-05-16,Kolkata,32,71.08,34.91,4.54
27-05-16,Kolkata,34,63.34,30.67,3.43
28-05-16,Kolkata,39,84.31,34.01,5.1
29-05-16,Kolkata,41,77.38,33.07,4.29
30-05-16,Kolkata,48,102.44,38.43,5.4
31-05-16,Kolkata,37,75.82,32.64,4.34
01-06-16,Kolkata,45,62.54,30.65,4.31
02-06-16,Kolkata,39,77.63,32.95,4.56
03-06-16,Kolkata,36,54.39,29.18,3.51
04-06-16,Kolkata,31,46.39,27.54,3.24
05-06-16,Kolkata,35,52.73,31.14,3.47
06-06-16,Kolkata,33,66.2,33.35,4.26
07-06-16,Kolkata,19,40.54,25.73,3.39
08-06-16,Kolkata,30,56.04,35.19,4.61
09-06-16,Kolkata,33,53.18,32.44,3.74
10-06-16,Kolkata,24,42.08,29.33,3.26
11-06-16,Kolkata,36,62.06,34.17,4.69
12-06-16,Kolkata,40,88.1,34.25,4.76
13-06-16,Kolkata,43,82.93,33.79,4.71
14-06-16,Kolkata,27,56.44,30.58,2.58
15-06-16,Kolkata,19.5,32.87,25.75,2.37
16-06-16,Kolkata,34,55.75,33.34,3.75
17-06-16,Kolkata,46,82.56,33.92,5.13
18-06-16,Kolkata,36,71.29,32.38,3.96
19-06-16,Kolkata,29,47.17,29.36,3.99
20-06-16,Kolkata,25,38.1,25.48,3.75
21-06-16,Kolkata,30,50.99,27.44,3.82
22-06-16,Kolkata,32,48.79,31,3.99
23-06-16,Kolkata,34,62.18,33.67,4.31
24-06-16,Kolkata,28,52.48,31.06,4.12
25-06-16,Kolkata,26,42.27,28.46,3.56
26-06-16,Kolkata,24,42.15,28.2,3.62
27-06-16,Kolkata,33,64.4,32.04,4.85
28-06-16,Kolkata,29,61.58,29.81,3.13
29-06-16,Kolkata,51,79.06,36.14,4.75
30-06-16,Kolkata,30,44.2,29.22,3.36
01-07-16,Kolkata,23,53.01,29.71,3.95
02-07-16,Kolkata,25,37.57,25.91,3.35
03-07-16,Kolkata,23,39.94,28.6,3.14
04-07-16,Kolkata,16,33.71,25.77,3.03
05-07-16,Kolkata,18,39.96,25.1,2.96
06-07-16,Kolkata,37,57.68,30.93,3.62
07-07-16,Kolkata,24.5,39.58,27.31,2.87
08-07-16,Kolkata,27,54.6,28.92,4.33
09-07-16,Kolkata,29,55.44,27.25,3.53
10-07-16,Kolkata,24,41.09,26.57,3.34
11-07-16,Kolkata,21,36.34,27.04,3.03
12-07-16,Kolkata,23,36.91,23.87,3.04
13-07-16,Kolkata,21,29.56,25.5,2.6
14-07-16,Kolkata,20,29.22,24.11,2.9
15-07-16,Kolkata,38,65.09,30.79,4.41
16-07-16,Kolkata,32,60.33,30.51,3.93
17-07-16,Kolkata,28,50.96,27.29,3.07
18-07-16,Kolkata,22,44.48,26.88,2.88
19-07-16,Kolkata,25,58.19,26.43,3.51
20-07-16,Kolkata,21,43.76,25.3,3.44
21-07-16,Kolkata,27,52.69,28.29,3.47
22-07-16,Kolkata,21,47.03,25.34,3.04
23-07-16,Kolkata,23,39.17,22.88,3.01
24-07-16,Kolkata,21,34.04,25.12,2.99
25-07-16,Kolkata,25,39.06,25.6,3.25
26-07-16,Kolkata,21,28.82,21.08,2.66
27-07-16,Kolkata,19,26.97,21.42,2.59
28-07-16,Kolkata,27,38.51,23.4,3.6
29-07-16,Kolkata,25,37.8,23.49,3.83
30-07-16,Kolkata,28,48.96,26.76,4.28
31-07-16,Kolkata,36,66.01,30.47,5.09
01-08-16,Kolkata,41,65.04,30.18,4.94
02-08-16,Kolkata,28,50.49,25.81,3.42
03-08-16,Kolkata,38,61.62,31.53,4.8
04-08-16,Kolkata,28,43.7,28.12,3.72
05-08-16,Kolkata,21,28.06,21.41,2.77
06-08-16,Kolkata,20,23.63,19.88,2.57
07-08-16,Kolkata,26,41.86,25.74,3.94
08-08-16,Kolkata,23,36.86,23.28,3.41
09-08-16,Kolkata,21,33.49,23.48,2.98
10-08-16,Kolkata,30.5,55.97,25.72,3.31
11-08-16,Kolkata,20,30.67,22.25,2
12-08-16,Kolkata,28,36.66,21.44,3.31
13-08-16,Kolkata,30,57.78,26.52,4.4
14-08-16,Kolkata,34,55.77,28.66,4.47
15-08-16,Kolkata,32,62.58,27.23,4.4
16-08-16,Kolkata,44,82.42,34.69,5.28
17-08-16,Kolkata,26,51.04,25.39,3.4
18-08-16,Kolkata,25,42.94,26.13,3.12
19-08-16,Kolkata,19,27.8,20.99,2.65
20-08-16,Kolkata,28,59.9,27.48,4.01
21-08-16,Kolkata,38,78.25,31.84,5.1
22-08-16,Kolkata,52,90.75,33.07,4.73
23-08-16,Kolkata,20,47.58,22.06,2.74
24-08-16,Kolkata,25,42.37,25.31,2.86
25-08-16,Kolkata,29,62.52,30.35,3.69
26-08-16,Kolkata,36,75.38,32.15,3.79
27-08-16,Kolkata,30,67.57,28.92,4.04
28-08-16,Kolkata,26,48.54,25.44,3.89
29-08-16,Kolkata,31,56.27,27.17,4.29
30-08-16,Kolkata,28,47.67,24.17,3.24
31-08-16,Kolkata,31,51.8,26.59,3.74
01-09-16,Kolkata,38,52.61,29.42,4.49
02-09-16,Kolkata,20,38.2,24.43,3.04
03-09-16,Kolkata,29.5,50.85,27.24,3.28
04-09-16,Kolkata,22,51.1,24.12,2.56
05-09-16,Kolkata,29,62.5,32,3.92
06-09-16,Kolkata,24,40.11,23.09,2.37
07-09-16,Kolkata,19,32.64,23.77,2.37
08-09-16,Kolkata,32,52.65,25.2,3.11
09-09-16,Kolkata,29,51.94,26.61,3.33
10-09-16,Kolkata,35,60.35,27.41,3.91
11-09-16,Kolkata,39,58.66,29.82,4.32
12-09-16,Kolkata,28,57.44,26.15,3.84
13-09-16,Kolkata,30,50.33,24.03,3.3
14-09-16,Kolkata,35,49.36,27.03,3.98
15-09-16,Kolkata,38.5,58.21,29.61,4.36
16-09-16,Kolkata,32,46.58,25.75,3.67
17-09-16,Kolkata,38,45.05,24.83,3.75
18-09-16,Kolkata,31,49.76,25.05,3.49
19-09-16,Kolkata,28,55.07,23.01,2.98
20-09-16,Kolkata,23,36.58,21.84,2.79
21-09-16,Kolkata,31.5,56.59,24.33,3.16
22-09-16,Kolkata,28,49.46,22.12,3.31
23-09-16,Kolkata,34,38.82,23.33,2.92
24-09-16,Kolkata,37,45.73,25.82,3.51
25-09-16,Kolkata,32,45.33,26.59,3.34
26-09-16,Kolkata,25,37.27,23.04,2.7
27-09-16,Kolkata,23,34.9,24.83,2.93
28-09-16,Kolkata,27,48.29,28.79,3.88
29-09-16,Kolkata,39,62.31,30.6,3.87
30-09-16,Kolkata,36,63.2,29.36,3.56
01-10-16,Kolkata,34,39.99,25.78,3.22
02-10-16,Kolkata,31,41.98,23.73,3.22
03-10-16,Kolkata,42,62.13,29.15,4.9
04-10-16,Kolkata,25,32.94,24.38,2.44
05-10-16,Kolkata,39,65.21,32.32,4.19
06-10-16,Kolkata,41.5,69.57,30.37,4.01
07-10-16,Kolkata,47,72.57,34.86,3.34
08-10-16,Kolkata,40,82.33,38.9,4.74
09-10-16,Kolkata,71,136.5,60.54,7.83
10-10-16,Kolkata,55,120.75,59.83,10.63
11-10-16,Kolkata,68,132.17,62.17,11.21
12-10-16,Kolkata,47.5,77.25,52.92,10.19
13-10-16,Kolkata,69,106.08,65.21,8.92
14-10-16,Kolkata,49,95.29,45.79,5.02
15-10-16,Kolkata,43,76.75,36.46,4.21
16-10-16,Kolkata,39,66.33,33.88,3
17-10-16,Kolkata,49,88.38,36.02,5.07
18-10-16,Kolkata,46,87.32,40.84,4.49
19-10-16,Kolkata,51,94.57,39.73,4.51
20-10-16,Kolkata,54,93.52,41.12,4.75
21-10-16,Kolkata,57,115.23,42.92,4.73
22-10-16,Kolkata,63,106.95,39.91,4.87
23-10-16,Kolkata,74,153.11,47.93,5.55
24-10-16,Kolkata,85,167.7,52.24,5.8
25-10-16,Kolkata,-1,150.8,48.25,5.11
26-10-16,Kolkata,88.25,167.39,50.86,5.13
27-10-16,Kolkata,-1,135.46,48.44,5.73
28-10-16,Kolkata,-1,110.45,43.4,4.85
29-10-16,Kolkata,-1,87.78,35.49,4
30-10-16,Kolkata,-1,53.93,32.97,5.05
31-10-16,Kolkata,129.5,199.78,57.52,14.6
01-11-16,Kolkata,150.75,230.3,58.51,15.6
02-11-16,Kolkata,-1,63.38,21.42,5.03
03-11-16,Kolkata,-1,128.29,42.53,5.93
04-11-16,Kolkata,-1,98.5,37.49,4.07
05-11-16,Kolkata,-1,39.04,29.55,5.3
06-11-16,Kolkata,33.75,57.35,26.91,2.49
08-11-16,Kolkata,45,98.35,31.3,3.17
09-11-16,Kolkata,84,158.39,47.14,5.38
10-11-16,Kolkata,101,198.11,60.18,6.27
11-11-16,Kolkata,95,198.77,50.64,5.53
12-11-16,Kolkata,110,211.94,55.98,6.21
13-11-16,Kolkata,93,195.29,51.92,5.95
14-11-16,Kolkata,112,195.32,59.14,6.4
15-11-16,Kolkata,74,144.43,49.33,4.48
16-11-16,Kolkata,104,197.58,55.29,6.69
17-11-16,Kolkata,117,198.55,60.81,5.84
18-11-16,Kolkata,92,158.29,55.21,4.65
19-11-16,Kolkata,96,180.96,58.61,6.1
20-11-16,Kolkata,104,192.84,57.99,6.3
21-11-16,Kolkata,123,230.29,64.63,7.03
22-11-16,Kolkata,127,234.81,62.32,5.22
23-11-16,Kolkata,136,240.08,59.96,7.92
24-11-16,Kolkata,143,238.17,58.29,7.63
25-11-16,Kolkata,156,259.25,62.13,8.81
26-11-16,Kolkata,145,249.5,60.29,7.71
27-11-16,Kolkata,132,207.58,55.83,6.17
28-11-16,Kolkata,184,292.42,68.54,9.13
29-11-16,Kolkata,156,261.91,72.12,5.49
30-11-16,Kolkata,169,270.05,66.54,8.05
01-12-16,Kolkata,147,214.29,62.79,7.16
02-12-16,Kolkata,112,203.8,64.56,5.72
03-12-16,Kolkata,97,176.16,57.39,5.45
04-12-16,Kolkata,114,209.93,59.87,6.81
05-12-16,Kolkata,113,182.19,52.08,5.5
06-12-16,Kolkata,124,210.92,51.01,4.68
07-12-16,Kolkata,153,226.23,59.07,8.03
08-12-16,Kolkata,149,227.35,57.83,7.12
09-12-16,Kolkata,130,195.37,69.82,6.19
10-12-16,Kolkata,108,188.87,60.52,5.85
11-12-16,Kolkata,125,201.18,59.55,6.94
12-12-16,Kolkata,155,220.35,62.57,8.11
13-12-16,Kolkata,128,208.93,55.15,5.64
14-12-16,Kolkata,116,219.1,64.38,7.73
15-12-16,Kolkata,140,233.12,65.91,8.51
16-12-16,Kolkata,156,252.67,67.15,8.29
17-12-16,Kolkata,133,225.85,65.48,7.79
18-12-16,Kolkata,149,239.64,73.3,9
19-12-16,Kolkata,153,252.63,73.39,8.45
20-12-16,Kolkata,120,228.08,68.1,6.07
21-12-16,Kolkata,164,255.95,72.69,9.93
22-12-16,Kolkata,166.5,242.92,74.17,9.48
23-12-16,Kolkata,185,235.64,78.53,11.79
24-12-16,Kolkata,192,289.99,77.19,9.63
25-12-16,Kolkata,229,334.03,75.82,13.54
26-12-16,Kolkata,197,320.11,63.57,10
27-12-16,Kolkata,130,280.82,52.95,6.58
28-12-16,Kolkata,172,283.72,83.41,10.72
29-12-16,Kolkata,149,230.21,64.81,7.11
30-12-16,Kolkata,-1,259.28,66.04,8.31
31-12-16,Kolkata,140,255.18,69.69,7.85
01-01-17,Kolkata,158,283.45,75.61,9.29
02-01-17,Kolkata,-1,319.96,77.57,10.28
03-01-17,Kolkata,136,267.46,63.52,5.94
04-01-17,Kolkata,164.5,294.31,74.66,10.56
05-01-17,Kolkata,182,253.6,71.35,8.06
06-01-17,Kolkata,169,256.38,71.87,9.75
07-01-17,Kolkata,156,222.22,60.55,7.76
08-01-17,Kolkata,161,234.15,64.53,9.09
09-01-17,Kolkata,149,228.95,68.04,7.01
10-01-17,Kolkata,125,221.37,62.06,6.19
11-01-17,Kolkata,137,229.14,69.61,10.46
12-01-17,Kolkata,123.5,192.91,57.88,6.18
13-01-17,Kolkata,136,193.35,63.01,7.61
14-01-17,Kolkata,127,186.01,56.59,6.53
15-01-17,Kolkata,101,188.43,60.64,6.82
16-01-17,Kolkata,122,213.06,66.53,6.77
17-01-17,Kolkata,116,214.33,61.53,5.88
18-01-17,Kolkata,124,254.47,63.82,6.98
19-01-17,Kolkata,155,293.17,71.23,8.13
20-01-17,Kolkata,147,262.4,74.69,8.09
21-01-17,Kolkata,130,230.71,67.56,7.76
22-01-17,Kolkata,136,218.27,58.52,8.66
23-01-17,Kolkata,143,264.5,67.67,8.96
24-01-17,Kolkata,137,235.5,61.67,8.96
25-01-17,Kolkata,114.5,248.17,72.94,8.71
26-01-17,Kolkata,121,215.43,71.44,7.71
27-01-17,Kolkata,141,230.82,64.89,8.9
28-01-17,Kolkata,102,200.12,63.33,7.74
29-01-17,Kolkata,134,261.1,72.09,8.37
30-01-17,Kolkata,127,205.82,62.67,7.84
31-01-17,Kolkata,105,163.01,59.61,5.44
01-02-17,Kolkata,137,216.86,67.2,7.64
02-02-17,Kolkata,133.5,222.14,64.22,8.38
03-02-17,Kolkata,147,228.06,63.32,8.31
04-02-17,Kolkata,126,211.13,61.64,5.82
05-02-17,Kolkata,116,200.37,60.84,6.63
06-02-17,Kolkata,129,219.5,63.83,7.57
07-02-17,Kolkata,103,198.85,60.8,5.88
08-02-17,Kolkata,133,202.1,61.51,6.51
09-02-17,Kolkata,138,276.71,78.06,7.55
10-02-17,Kolkata,142,237.91,73.22,6.43
11-02-17,Kolkata,120,200.23,63.12,5.92
12-02-17,Kolkata,118,201.14,59.57,6.97
13-02-17,Kolkata,112,184.94,54.79,7.5
14-02-17,Kolkata,97,198.62,50.08,5.67
15-02-17,Kolkata,148,255.93,67.58,10.32
16-02-17,Kolkata,124.5,222.32,57.13,8.28
17-02-17,Kolkata,108,183.12,55.49,8.07
18-02-17,Kolkata,142,250.94,59.75,10.99
19-02-17,Kolkata,134,229.93,55.43,12.75
20-02-17,Kolkata,125,207.62,54.78,18.65
21-02-17,Kolkata,129,187.37,45.56,16.41
22-02-17,Kolkata,81,161.47,45.55,6.92
23-02-17,Kolkata,89,141.7,40.5,10.52
24-02-17,Kolkata,92,141.27,42.31,6.1
25-02-17,Kolkata,120,178.81,51.11,9.51
26-02-17,Kolkata,127,187.96,49.57,10.01
27-02-17,Kolkata,145,222.32,60.48,11.13
28-02-17,Kolkata,87,173.26,49.27,7.88
01-03-17,Kolkata,119,180.57,50.81,11.66
02-03-17,Kolkata,141,194.76,49.69,7.19
03-03-17,Kolkata,83,135.92,42.34,10.11
04-03-17,Kolkata,77,129.03,40.88,6.29
05-03-17,Kolkata,71,126.52,40.53,8.35
06-03-17,Kolkata,81,118,38.36,5.6
07-03-17,Kolkata,61,97.32,35.2,4.65
08-03-17,Kolkata,93,133.03,43.2,7.79
09-03-17,Kolkata,87,147.82,47.03,6.89
10-03-17,Kolkata,72,98.58,34.04,3.64
11-03-17,Kolkata,44,66.88,27.14,3.12
12-03-17,Kolkata,57,82.97,29.93,3.45
13-03-17,Kolkata,64,108.16,31.02,3.83
14-03-17,Kolkata,42,86.66,30.7,3.9
15-03-17,Kolkata,77,126.74,34.6,3.67
16-03-17,Kolkata,85,173.69,40.62,6.52
17-03-17,Kolkata,93,156.74,44.78,8.21
18-03-17,Kolkata,116,177.54,49.19,8.21
19-03-17,Kolkata,73,127.78,41.03,6.9
20-03-17,Kolkata,49,100.53,36.38,6.14
21-03-17,Kolkata,65,124.33,35.82,5.73
22-03-17,Kolkata,58,108.45,34.73,4.24
23-03-17,Kolkata,67,119.09,37.88,6.21
24-03-17,Kolkata,72,120.58,38.64,6.74
25-03-17,Kolkata,50,110.31,35.43,5.93
26-03-17,Kolkata,45,108.11,33.16,5.49
27-03-17,Kolkata,54,110,33.2,5.21
28-03-17,Kolkata,44,89.84,27.23,4.32
29-03-17,Kolkata,50,109.86,32.85,5.5
30-03-17,Kolkata,55,93.81,31.08,4.21
31-03-17,Kolkata,47,85.95,31.49,4.57
01-04-17,Kolkata,52,97.35,32.46,5.1
02-04-17,Kolkata,48,82.29,29.59,4.34
03-04-17,Kolkata,45,91.24,30.91,5.07
04-04-17,Kolkata,38,74.37,26.05,3.69
05-04-17,Kolkata,63,109.71,37.42,5.82
06-04-17,Kolkata,46,88.28,30.39,3.76
07-04-17,Kolkata,41,64.47,29.17,4.17
08-04-17,Kolkata,44,73.07,31.2,4.37
09-04-17,Kolkata,40,75.46,29.48,4.17
10-04-17,Kolkata,42,81.4,31.02,3.53
11-04-17,Kolkata,38,73.51,25.89,3.14
12-04-17,Kolkata,62,115.03,38.03,5.2
13-04-17,Kolkata,75,122.18,38.08,5.46
14-04-17,Kolkata,66,99.74,37.03,21.07
15-04-17,Kolkata,45,91.76,30.04,3.64
16-04-17,Kolkata,49,94.27,36.85,4.93
17-04-17,Kolkata,53,96.42,30.07,4.2
18-04-17,Kolkata,41,79.13,28.44,3.98
19-04-17,Kolkata,53,91.36,33.63,4.71
20-04-17,Kolkata,35,88.76,31.17,4.25
21-04-17,Kolkata,45,89.59,32.51,4.77
22-04-17,Kolkata,40,76.27,32.8,6.05
23-04-17,Kolkata,43,95.48,30.21,5.25
24-04-17,Kolkata,47,91.35,34.14,4.32
25-04-17,Kolkata,38,76.95,30.57,3.81
26-04-17,Kolkata,47,87.34,32.79,4.4
27-04-17,Kolkata,66,110.98,36.18,6.06
28-04-17,Kolkata,61,103.23,33.41,5.7
29-04-17,Kolkata,51,92.63,31.62,4.58
30-04-17,Kolkata,48,100.06,33.73,5.59
01-05-17,Kolkata,41,80.64,29.89,4.42
02-05-17,Kolkata,38,64.22,25.43,3.24
03-05-17,Kolkata,36,72.18,28.19,3.94
04-05-17,Kolkata,39,71.86,31.7,3.49
05-05-17,Kolkata,48,84.44,33.64,4.26
06-05-17,Kolkata,54,90.67,31.71,5.7
07-05-17,Kolkata,51,88.24,32.83,6.61
08-05-17,Kolkata,40,75.11,28.84,6.1
09-05-17,Kolkata,36,72.89,28.23,5.69
10-05-17,Kolkata,50,84.72,29.77,5.63
11-05-17,Kolkata,35,67.14,33.35,5.08
12-05-17,Kolkata,43,79.52,34.72,7.18
13-05-17,Kolkata,44,87.23,32.51,6.11
14-05-17,Kolkata,29,74.63,33.61,6.74
15-05-17,Kolkata,41,74.34,33.71,6.45
16-05-17,Kolkata,32,65.04,29,4.73
17-05-17,Kolkata,41,70.71,31.36,5.66
18-05-17,Kolkata,50,78.3,32.18,4.72
19-05-17,Kolkata,57,100.2,33.5,6.97
20-05-17,Kolkata,44,98.24,34.97,13.56
21-05-17,Kolkata,39,82.48,30.39,43.92
22-05-17,Kolkata,52,95.2,31.23,21.92
23-05-17,Kolkata,43,78.17,27.29,33.83
24-05-17,Kolkata,42,89.82,31.42,8.2
25-05-17,Kolkata,47,95.97,31.81,5.18
26-05-17,Kolkata,40,75.83,28.42,3
27-05-17,Kolkata,37,74.75,29.88,2.92
28-05-17,Kolkata,39,77.92,30.83,3.04
29-05-17,Kolkata,34,67.33,28.13,2.46
30-05-17,Kolkata,33,70.92,26.29,2.08
31-05-17,Kolkata,35,79.75,28.58,3.25
01-06-17,Kolkata,40,84.38,30.58,3.21
02-06-17,Kolkata,47,87.17,30.29,3.46
03-06-17,Kolkata,33,63.5,26.04,2.5
04-06-17,Kolkata,35,58.75,26.54,2.33
05-06-17,Kolkata,32,60.67,27.92,2.25
06-06-17,Kolkata,29,57.42,25.63,2.21
07-06-17,Kolkata,40,58.74,29.09,6.04
08-06-17,Kolkata,39,73.32,28.65,4.51
09-06-17,Kolkata,48,86.41,32.25,7.83
10-06-17,Kolkata,43,82.73,34.42,7.15
11-06-17,Kolkata,38,65.1,30.41,7.05
12-06-17,Kolkata,42,62.25,31.04,7.54
13-06-17,Kolkata,33,54.84,27.02,6.06
14-06-17,Kolkata,49,79.57,37.43,6.47
15-06-17,Kolkata,40,74.63,31.82,6.89
16-06-17,Kolkata,47,67.59,30.57,8.31
17-06-17,Kolkata,40,56.74,27.89,7.62
18-06-17,Kolkata,48,69.92,30.04,8.42
19-06-17,Kolkata,38,71.37,29.4,7.76
20-06-17,Kolkata,31,73.34,26.25,6.96
21-06-17,Kolkata,29,86.75,28.1,7.06
22-06-17,Kolkata,42,69.39,31.89,5.55
23-06-17,Kolkata,39,61.52,31.19,6.6
24-06-17,Kolkata,43,71.89,37.93,9
25-06-17,Kolkata,31,53.75,23.96,2.08
26-06-17,Kolkata,29,56.92,25.63,2.08
27-06-17,Kolkata,41,64.25,28.83,3
28-06-17,Kolkata,33,46.67,23.46,2.08
29-06-17,Kolkata,35,48.75,24.92,2.25
30-06-17,Kolkata,31,44.17,24.38,2.08
01-07-17,Kolkata,33.5,51.63,24.79,2.33
02-07-17,Kolkata,39,49.75,27.38,2.21
03-07-17,Kolkata,34,57.25,25.21,2.25
04-07-17,Kolkata,38,72.44,28.67,3.11
05-07-17,Kolkata,50,68.25,28.42,3
06-07-17,Kolkata,46.5,66.75,29.63,2.63
07-07-17,Kolkata,43,76.33,31.67,3.42
08-07-17,Kolkata,45,72.59,31.6,7.31
09-07-17,Kolkata,39,66.51,31.85,6.14
10-07-17,Kolkata,42,63.51,31.43,6.35
11-07-17,Kolkata,37,54.69,26.7,5.98
12-07-17,Kolkata,37,52.2,28.62,7
13-07-17,Kolkata,34,51.37,32.07,6.7
14-07-17,Kolkata,59,79.03,35.48,7.44
15-07-17,Kolkata,45,56.84,31.25,6.53
16-07-17,Kolkata,39,48.47,28.06,6.21
17-07-17,Kolkata,52,62.29,30.44,7.37
18-07-17,Kolkata,38,42.92,24.82,6.18
19-07-17,Kolkata,48,47.42,27.88,6.46
20-07-17,Kolkata,61.5,70.42,30.67,5.44
21-07-17,Kolkata,41,44.63,27.76,6.11
22-07-17,Kolkata,45,59.84,33.27,7.09
23-07-17,Kolkata,37,58.57,31.85,6.49
24-07-17,Kolkata,35,59.11,33.08,5.94
25-07-17,Kolkata,32,38.78,27.55,5.57
26-07-17,Kolkata,39,55.03,28.19,4.27
27-07-17,Kolkata,55,76,36.69,8.09
28-07-17,Kolkata,41,65.05,38,6.43
29-07-17,Kolkata,30,60.53,35.71,6.47
30-07-17,Kolkata,57,92.76,37.59,7.58
31-07-17,Kolkata,46,81.28,35.39,7.54
01-08-17,Kolkata,48,68.07,33.49,5.92
02-08-17,Kolkata,43,83.11,39.79,6.64
03-08-17,Kolkata,36,76.3,36.44,7.12
04-08-17,Kolkata,57,79.67,43.04,7.77
05-08-17,Kolkata,46,69.52,34.7,6.83
06-08-17,Kolkata,41,61.73,32.71,6.58
07-08-17,Kolkata,45,62.87,32.46,6.71
08-08-17,Kolkata,34,54.29,27.23,5.9
09-08-17,Kolkata,47.5,58.79,29,4.88
10-08-17,Kolkata,40,62.25,31.5,6.16
11-08-17,Kolkata,43,67.14,31.09,6.5
12-08-17,Kolkata,51,65.36,30.93,7.45
13-08-17,Kolkata,46,76.24,36.5,6.98
14-08-17,Kolkata,38,61.6,35.16,6
15-08-17,Kolkata,32,56.16,27.21,4.66
16-08-17,Kolkata,37,63.91,33.8,6.56
17-08-17,Kolkata,43.5,61.46,27.15,5.09
18-08-17,Kolkata,38,60.6,32.07,8.08
19-08-17,Kolkata,36,61.61,27.5,5.17
20-08-17,Kolkata,45,50.42,24.97,5.22
21-08-17,Kolkata,46,55.32,26.08,5.63
22-08-17,Kolkata,32,52.9,25.31,4.9
23-08-17,Kolkata,55.5,77.64,33.11,4.92
24-08-17,Kolkata,53,86.25,35.65,6
25-08-17,Kolkata,41,90.05,40.23,6.41
26-08-17,Kolkata,46,58.94,27.84,5.54
27-08-17,Kolkata,44,61.51,28.61,5.64
28-08-17,Kolkata,36,53.56,24.54,5
29-08-17,Kolkata,53,59.51,25.43,5.52
30-08-17,Kolkata,40,50.85,24.53,5
31-08-17,Kolkata,36.5,61.06,28.13,3.99
01-09-17,Kolkata,39,61.57,28.7,5.24
02-09-17,Kolkata,48,82,35.33,5.98
03-09-17,Kolkata,32,61.43,31.79,5.47
04-09-17,Kolkata,37,66.73,29.68,5.39
05-09-17,Kolkata,46,71.83,30.42,5.23
06-09-17,Kolkata,62,131.71,34.93,6.33
07-09-17,Kolkata,38,85.01,30.82,4.46
08-09-17,Kolkata,49,78.12,32.11,5.29
09-09-17,Kolkata,42,88.7,29.99,5.72
10-09-17,Kolkata,38,61.23,28.34,5.5
11-09-17,Kolkata,31,72,25.94,5.2
12-09-17,Kolkata,34,65.26,25.85,5.79
13-09-17,Kolkata,40,58.2,28.62,4.36
14-09-17,Kolkata,34,52.86,32.67,5.05
15-09-17,Kolkata,31,76.44,35.1,6.03
16-09-17,Kolkata,40,63.11,29.24,5.18
17-09-17,Kolkata,34,59.28,30.04,5.37
18-09-17,Kolkata,48,74.26,36.24,5.86
19-09-17,Kolkata,33,52.98,27.05,5.01
20-09-17,Kolkata,32,43.89,26.03,4.66
21-09-17,Kolkata,34.5,44.12,28.79,3.98
22-09-17,Kolkata,38,47.22,24.96,21.49
23-09-17,Kolkata,34,48.58,29.62,35.65
24-09-17,Kolkata,46,59.18,33.01,5.88
25-09-17,Kolkata,49,72.9,35.03,6.34
26-09-17,Kolkata,54,82.67,36.53,7.01
27-09-17,Kolkata,79,129.57,47.57,7.46
28-09-17,Kolkata,96,136.47,51.05,10.61
29-09-17,Kolkata,103,155.97,55.53,10.8
30-09-17,Kolkata,91,134.32,50.24,9.82
01-10-17,Kolkata,83,127.85,50.5,8.85
02-10-17,Kolkata,89,126.4,52.71,10.17
03-10-17,Kolkata,63,95.84,39.29,7.72
04-10-17,Kolkata,52,81.27,38,6.46
05-10-17,Kolkata,48,66.3,33.43,6.06
06-10-17,Kolkata,38,56.64,31.9,5.32
07-10-17,Kolkata,53,64.91,34.67,6.57
08-10-17,Kolkata,50,63.77,32.25,7.4
09-10-17,Kolkata,44,64.3,30.85,6.77
10-10-17,Kolkata,39,42.84,24.17,4.54
11-10-17,Kolkata,26,36.37,22.08,3.79
12-10-17,Kolkata,36,53.01,27.74,5.07
13-10-17,Kolkata,48,67.84,33.54,5.66
14-10-17,Kolkata,44.5,71.05,29.47,3.84
15-10-17,Kolkata,-1,37.77,24.99,9.64
16-10-17,Kolkata,53,75.53,31.23,3.97
17-10-17,Kolkata,-1,76.88,37,9.33
18-10-17,Kolkata,-1,157.96,42.93,8.23
19-10-17,Kolkata,-1,152.42,37.61,8.97
20-10-17,Kolkata,-1,103.53,27.05,16.47
21-10-17,Kolkata,51.75,88.91,32.86,4.98
22-10-17,Kolkata,40.75,64.73,26.29,3.47
23-10-17,Kolkata,-1,29.81,33.32,3.2
24-10-17,Kolkata,52,76.33,32.73,3.57
25-10-17,Kolkata,46,88.18,42.07,4.67
26-10-17,Kolkata,-1,117.21,59.2,2.72
27-10-17,Kolkata,61,98.5,37.51,4.1
28-10-17,Kolkata,-1,178.63,55.8,10.32
29-10-17,Kolkata,78,151.47,46.08,5.09
30-10-17,Kolkata,82,139.99,42.59,4.14
31-10-17,Kolkata,73,122.75,35.62,3.05
01-11-17,Kolkata,63,113.67,36.64,4.25
02-11-17,Kolkata,75,134.75,33.82,4.63
03-11-17,Kolkata,87,142.08,42.38,5.25
04-11-17,Kolkata,74,113.08,35.92,3.65
05-11-17,Kolkata,70,125.42,40.5,4.58
06-11-17,Kolkata,63,93.83,35.58,4.42
07-11-17,Kolkata,51,85.5,32,2.92
08-11-17,Kolkata,67,127.42,42.42,5.65
09-11-17,Kolkata,82,151.25,39.67,5.54
10-11-17,Kolkata,75,128.42,36.29,4.25
11-11-17,Kolkata,81,162.5,46.42,5.79
12-11-17,Kolkata,88,162,44.21,6.5
13-11-17,Kolkata,83,157.42,43.42,6.08
14-11-17,Kolkata,76,135.25,36.08,4
15-11-17,Kolkata,84,143.33,42.25,5.54
16-11-17,Kolkata,71.5,133.5,40.52,4.42
17-11-17,Kolkata,40,75,28.63,2.5
18-11-17,Kolkata,35,53.17,27.04,2.17
19-11-17,Kolkata,43,69.42,31.13,2.63
20-11-17,Kolkata,69,103.83,33.63,3.46
21-11-17,Kolkata,80,151.25,37.17,4.25
22-11-17,Kolkata,102.5,181,48.75,6.5
23-11-17,Kolkata,97,189.08,45.42,8.04
24-11-17,Kolkata,101,186.58,46.38,7.38
25-11-17,Kolkata,93,200.83,51.54,8.58
26-11-17,Kolkata,89,177.25,47.67,6.42
27-11-17,Kolkata,95,211.42,50.33,7.58
28-11-17,Kolkata,86,198.83,45.21,6.08
29-11-17,Kolkata,159,256.83,55.88,10.58
30-11-17,Kolkata,-1,202,49.17,5.5
01-12-17,Kolkata,149,279.08,61.38,10.13
02-12-17,Kolkata,143,293.08,59.38,10.33
03-12-17,Kolkata,136,230.5,52.5,8.58
04-12-17,Kolkata,127.5,215.33,50.35,7.58
05-12-17,Kolkata,110,198.33,45.38,5.46
06-12-17,Kolkata,153,243.5,53.96,8.75
07-12-17,Kolkata,141,261.75,57.92,9
08-12-17,Kolkata,138,237.5,55.83,8.79
09-12-17,Kolkata,140.5,238.83,57.83,8.77
10-12-17,Kolkata,43,178.67,55.17,8.58
11-12-17,Kolkata,87,167.17,42.42,5.79
12-12-17,Kolkata,45,66.08,27.04,2.08
13-12-17,Kolkata,91,170.5,44.4,6.29
14-12-17,Kolkata,139,223.92,53.46,8.33
15-12-17,Kolkata,147,247.75,53.88,7.96
16-12-17,Kolkata,154,294.5,63.71,10.71
17-12-17,Kolkata,158,273.58,63.38,9.96
18-12-17,Kolkata,106,193.08,52.88,7.08
19-12-17,Kolkata,82,173.42,46.5,6.17
20-12-17,Kolkata,150,254.17,56.83,8.88
21-12-17,Kolkata,107,198.33,50.5,7.85
22-12-17,Kolkata,112,184,44.25,6.75
23-12-17,Kolkata,145,190.25,48.17,7.75
24-12-17,Kolkata,138,236.5,56.5,9.25
25-12-17,Kolkata,152,259.33,52.58,9.63
26-12-17,Kolkata,142,212.08,45.92,6.67
27-12-17,Kolkata,128,208.08,47.38,6.96
28-12-17,Kolkata,133,218.33,54.25,8.29
29-12-17,Kolkata,130,238.92,58,9.29
30-12-17,Kolkata,149,275.67,61.5,10.25
31-12-17,Kolkata,155,241.21,56.48,8.52
01-01-18,Kolkata,151,272.25,60.25,9.5
02-01-18,Kolkata,158,278.92,63.5,12.13
03-01-18,Kolkata,149,247.95,52.67,8.48
04-01-18,Kolkata,161.25,293.71,62.56,11.29
05-01-18,Kolkata,159.75,297.88,64.73,11.33
06-01-18,Kolkata,164.5,286,59.42,10.15
07-01-18,Kolkata,161.25,301.46,68.1,10.88
08-01-18,Kolkata,156,282.33,57.94,8.9
09-01-18,Kolkata,133.25,229.08,51.33,8.2
10-01-18,Kolkata,152.75,276.46,60.22,10.45
11-01-18,Kolkata,158.5,281.96,63.04,9.94
12-01-18,Kolkata,170.5,303,68.5,11.38
13-01-18,Kolkata,152.25,272.63,59.04,9.27
14-01-18,Kolkata,157,276.08,63.65,9.18
15-01-18,Kolkata,167.5,299.9,65.1,10.42
16-01-18,Kolkata,142,249.65,50.75,7.15
17-01-18,Kolkata,165,284.1,60.3,9.99
18-01-18,Kolkata,203,352.77,73.7,12.76
19-01-18,Kolkata,177.25,320.83,68.19,11.35
20-01-18,Kolkata,161.75,292.9,63.99,9.63
21-01-18,Kolkata,174.75,313.04,67.41,10.53
22-01-18,Kolkata,165,283.63,59.86,9.27
23-01-18,Kolkata,136.25,234.83,53.03,8.35
24-01-18,Kolkata,145,258.63,56.3,8.58
25-01-18,Kolkata,133.75,227.1,49.43,7.08
26-01-18,Kolkata,157,261.35,58.31,8.91
27-01-18,Kolkata,153,247.79,60.53,9.64
28-01-18,Kolkata,140.5,212.46,50.8,7.23
29-01-18,Kolkata,165,271.85,62.85,10.7
30-01-18,Kolkata,125,206.71,49.71,7.61
31-01-18,Kolkata,141.5,237.15,56.48,8.93
01-02-18,Kolkata,138.25,241.19,58.58,9.93
02-02-18,Kolkata,148.5,265.08,60.47,11.18
03-02-18,Kolkata,143,256.6,59.33,10.43
04-02-18,Kolkata,135,232.71,55.47,8.32
05-02-18,Kolkata,146,240,57.41,7.86
06-02-18,Kolkata,116,200.17,48.28,6.01
07-02-18,Kolkata,122.25,209.73,54.28,7.5
08-02-18,Kolkata,132,218.04,56.75,9.45
09-02-18,Kolkata,135.75,226.73,53.07,8.1
10-02-18,Kolkata,124,218.88,50.86,7.18
11-02-18,Kolkata,120,209.06,48.17,7.09
12-02-18,Kolkata,107,187.83,44.44,5.52
13-02-18,Kolkata,116.25,209.81,48.81,6.77
14-02-18,Kolkata,130,232.58,56.24,8.92
15-02-18,Kolkata,139.25,240.15,54.31,9.17
16-02-18,Kolkata,124.75,219.79,52.1,8.39
17-02-18,Kolkata,132.5,232.65,49.26,8.68
18-02-18,Kolkata,119,215.67,47.17,7.68
19-02-18,Kolkata,132.25,238.94,51.27,8.86
20-02-18,Kolkata,110.25,198.69,44.42,6.16
21-02-18,Kolkata,115,212.06,47.66,7.64
22-02-18,Kolkata,104.5,195.17,43.2,6.18
23-02-18,Kolkata,102.75,190.23,45.56,5.46
24-02-18,Kolkata,92.75,174.06,42.34,4.84
25-02-18,Kolkata,87.5,161.15,39.85,4.41
26-02-18,Kolkata,84.5,148.44,40.55,4.43
27-02-18,Kolkata,74,130.85,36.88,3.68
28-02-18,Kolkata,77.25,137.83,40.07,4.92
01-03-18,Kolkata,83.25,145.35,37.97,6.16
02-03-18,Kolkata,68.75,122.73,34.83,4.58
03-03-18,Kolkata,81,137.58,40.04,3.83
04-03-18,Kolkata,74,142.13,38.52,3.65
05-03-18,Kolkata,72,134.42,41.75,4.33
06-03-18,Kolkata,65,104.08,32.63,3.38
07-03-18,Kolkata,76,151.42,39.21,4.83
08-03-18,Kolkata,77,159,42.19,6.13
09-03-18,Kolkata,80,141.83,38.25,4.67
10-03-18,Kolkata,85,163.83,42.75,5.63
11-03-18,Kolkata,81,158.25,43.63,5.54
12-03-18,Kolkata,88,178.58,42.21,6.58
13-03-18,Kolkata,68,140,34.46,3.92
14-03-18,Kolkata,76,137.67,36.77,5.08
15-03-18,Kolkata,71,151.83,40.46,5.04
16-03-18,Kolkata,82,156.5,40.63,5.17
17-03-18,Kolkata,72,131,34.04,3.75
18-03-18,Kolkata,68,143.92,37.96,4.42
19-03-18,Kolkata,74,129.83,34.33,3.71
20-03-18,Kolkata,78,147.42,35.21,3.92
21-03-18,Kolkata,82.09,161.91,48.97,5.91
22-03-18,Kolkata,69.21,137.51,40.58,5.37
23-03-18,Kolkata,62.58,131.94,43.18,6.25
24-03-18,Kolkata,50.54,118.04,36.04,4.99
25-03-18,Kolkata,48.2,103.61,32.27,3.56
26-03-18,Kolkata,53.24,106.38,31.99,4.11
27-03-18,Kolkata,49.54,107.77,34.47,4.68
28-03-18,Kolkata,68.82,125.82,37.01,5.16
29-03-18,Kolkata,64.88,126.31,37.49,4.72
30-03-18,Kolkata,44.86,119.93,36.55,5.5
31-03-18,Kolkata,49.19,123.01,32.08,5.21
01-04-18,Kolkata,43.11,99.3,29.08,3.75
02-04-18,Kolkata,46.75,115.68,38.26,4.61
03-04-18,Kolkata,43.7,100.71,31.42,3.82
04-04-18,Kolkata,53.9,107.47,45,4.96
05-04-18,Kolkata,47.52,118.25,38.74,5.29
06-04-18,Kolkata,37.94,92.29,34.31,4.9
07-04-18,Kolkata,41.99,104.4,34.86,5.59
08-04-18,Kolkata,40.23,97.5,31.78,6.05
09-04-18,Kolkata,37.03,81.71,31.95,3.22
10-04-18,Kolkata,42.34,87.7,34.05,5.44
11-04-18,Kolkata,42.09,101.17,36.87,4.67
12-04-18,Kolkata,37.8,80.67,36.99,5.97
13-04-18,Kolkata,37.45,72.82,31.92,7.99
14-04-18,Kolkata,32.79,86.96,35.26,6.77
15-04-18,Kolkata,29.83,67.76,31.19,3.83
16-04-18,Kolkata,31.88,67.15,34.35,5.56
17-04-18,Kolkata,35.04,81.78,34.5,7.73
18-04-18,Kolkata,31.87,66.11,31.42,4.58
19-04-18,Kolkata,39.89,75.05,30.89,3.1
20-04-18,Kolkata,29.18,64.65,32.48,4.13
21-04-18,Kolkata,29.29,61.86,32.44,3.38
22-04-18,Kolkata,26.65,63.53,28.87,3.87
23-04-18,Kolkata,36.42,79.02,31.53,3.68
24-04-18,Kolkata,28.7,59.11,33,3.16
25-04-18,Kolkata,39.66,101.32,37.24,4.24
26-04-18,Kolkata,43.34,93.53,35.22,6.34
27-04-18,Kolkata,34.26,75.33,30.91,4.2
28-04-18,Kolkata,32.02,89.05,33.89,3.88
29-04-18,Kolkata,32.78,66.59,33.41,3.81
30-04-18,Kolkata,37.14,95.69,37.82,6.64
01-05-18,Kolkata,27.65,75.09,29.44,3.57
02-05-18,Kolkata,28.02,57.37,31.16,2.76
03-05-18,Kolkata,33.12,77.69,33.34,4.82
04-05-18,Kolkata,30.31,69.6,35.49,4.42
05-05-18,Kolkata,23.98,68.63,34.86,5.1
06-05-18,Kolkata,28.44,60.64,30.91,4.64
07-05-18,Kolkata,30.76,70.28,30.79,3.84
08-05-18,Kolkata,23.69,57.37,28.09,2.65
09-05-18,Kolkata,31.78,66.53,32.19,3.18
10-05-18,Kolkata,24.87,64.15,32.69,2.85
11-05-18,Kolkata,23.49,54.99,30.31,2.39
12-05-18,Kolkata,26.48,54.06,31.17,2.49
13-05-18,Kolkata,27.09,68.07,35.92,4.49
14-05-18,Kolkata,25.36,62.79,31.42,3.59
15-05-18,Kolkata,19.29,46.95,28.98,2.74
16-05-18,Kolkata,46.36,90.87,41.76,4.89
17-05-18,Kolkata,29.43,60.39,31.87,3.4
18-05-18,Kolkata,24.26,41.3,30.44,2.39
19-05-18,Kolkata,33.82,71.17,35.61,5.98
20-05-18,Kolkata,46.08,61.46,37.07,3.14
21-05-18,Kolkata,33.58,67.23,32.33,3.44
22-05-18,Kolkata,32.71,78.51,30.26,4.31
23-05-18,Kolkata,29.23,74.5,32.45,5.65
24-05-18,Kolkata,28.06,57.89,30.66,5.25
25-05-18,Kolkata,23.96,60.66,34.69,4.34
26-05-18,Kolkata,21.83,64.82,29.06,3.45
27-05-18,Kolkata,18.86,51.42,29.04,3.94
28-05-18,Kolkata,22.11,49.12,27.65,2.57
29-05-18,Kolkata,20.35,47.3,26.3,2.8
30-05-18,Kolkata,26.22,61.99,31.94,3.13
31-05-18,Kolkata,23.12,49.52,30.67,2.98
01-06-18,Kolkata,28.45,68.34,32.44,3.92
02-06-18,Kolkata,32.08,73.3,34.44,3.52
03-06-18,Kolkata,21.01,43.48,34.88,2.15
04-06-18,Kolkata,30.75,58.95,32.29,3.24
05-06-18,Kolkata,28.2,59.66,27.83,2.59
06-06-18,Kolkata,30.35,64.91,34.33,3.43
07-06-18,Kolkata,29.41,59.47,31.4,2.95
08-06-18,Kolkata,28.83,63.73,32.3,2.85
09-06-18,Kolkata,27.95,60.44,31.2,2.48
10-06-18,Kolkata,23.32,42.04,29.39,2.03
11-06-18,Kolkata,30.89,52.7,37.3,2.24
12-06-18,Kolkata,31.83,47.98,32.08,2.12
13-06-18,Kolkata,35.57,58.71,36.03,2.94
14-06-18,Kolkata,25.88,42.44,29.15,2.12
15-06-18,Kolkata,39.09,69.84,33.12,3.47
16-06-18,Kolkata,48.86,87.31,36.58,4.46
17-06-18,Kolkata,48.63,109.42,36.41,5.96
18-06-18,Kolkata,50.65,113.14,33.65,4.71
19-06-18,Kolkata,48.84,86,34.59,2.4
20-06-18,Kolkata,51.45,104.14,35.76,3.87
21-06-18,Kolkata,40.45,88.83,31.79,3.7
22-06-18,Kolkata,29.74,48.81,31.44,3.26
23-06-18,Kolkata,35.01,82.12,36.06,4.78
24-06-18,Kolkata,31.78,72.49,30.67,3.48
25-06-18,Kolkata,29.61,59.81,29.05,2.78
26-06-18,Kolkata,28.78,52.72,28.87,2.32
27-06-18,Kolkata,28.27,43.77,30.02,1.84
28-06-18,Kolkata,37.59,55.85,32.22,3.04
29-06-18,Kolkata,24.36,56.02,31.77,3.24
30-06-18,Kolkata,25.49,50.1,27.52,2.83
01-07-18,Kolkata,25.64,49.03,27.39,3.15
02-07-18,Kolkata,31.72,54.68,26.35,3.39
03-07-18,Kolkata,27.59,58.67,27.91,4.7
04-07-18,Kolkata,31.43,61.62,29.21,4.73
05-07-18,Kolkata,34.45,56.01,29.28,2.57
06-07-18,Kolkata,36.52,58.54,31.01,3.16
07-07-18,Kolkata,46.28,63.04,34.79,3.74
08-07-18,Kolkata,41.66,78.76,37.48,4.12
09-07-18,Kolkata,22.82,44.28,27.18,2.26
10-07-18,Kolkata,19.89,47.6,24.91,2.07
11-07-18,Kolkata,23.73,42.16,30.56,2.08
12-07-18,Kolkata,24.83,37.3,27.8,1.84
13-07-18,Kolkata,24.75,49.16,31.34,3.34
14-07-18,Kolkata,27.41,51.77,28.81,2.66
15-07-18,Kolkata,27.73,53.27,32.14,2.69
16-07-18,Kolkata,18.72,39.61,25.66,1.83
17-07-18,Kolkata,15.67,35.98,24.16,1.77
18-07-18,Kolkata,18.96,41.04,27.19,2.19
19-07-18,Kolkata,27.34,53.62,31.99,3.4
20-07-18,Kolkata,19.94,43.27,30.23,2.09
21-07-18,Kolkata,27.49,50.97,30.53,2.62
22-07-18,Kolkata,19.17,39,26.7,2.49
23-07-18,Kolkata,12.67,28.42,22.2,1.93
24-07-18,Kolkata,16.56,30.78,23.83,1.88
25-07-18,Kolkata,28.2,42.87,28,2.11
26-07-18,Kolkata,29.35,45.35,29.74,2.43
27-07-18,Kolkata,31.07,48.58,31.47,2.47
28-07-18,Kolkata,30.75,49.5,31.33,2.73
29-07-18,Kolkata,28.19,47.39,31.91,2.89
30-07-18,Kolkata,36.2,50.18,29.26,2.31
31-07-18,Kolkata,34.23,51.92,30.37,3.01
01-08-18,Kolkata,32.42,55.83,35.9,3.06
02-08-18,Kolkata,38.09,52.39,33.84,2.72
03-08-18,Kolkata,31.74,53.86,33.19,3.28
04-08-18,Kolkata,33.3,56.26,29.29,2.92
05-08-18,Kolkata,39.06,61.71,32.28,3.19
06-08-18,Kolkata,37.91,56.72,28.22,3.02
07-08-18,Kolkata,29.37,40.83,28.59,1.96
08-08-18,Kolkata,27.22,48.14,29.26,2.47
09-08-18,Kolkata,21.33,39.03,26.15,1.97
10-08-18,Kolkata,25.99,52.99,30.86,2.82
11-08-18,Kolkata,25.67,56.69,32.99,3.22
12-08-18,Kolkata,26.38,46.91,28.81,2.17
13-08-18,Kolkata,27.83,54.25,31.14,3.03
14-08-18,Kolkata,20.29,42.2,27.05,2.21
15-08-18,Kolkata,28.2,46.7,28.49,2.47
16-08-18,Kolkata,24.04,51.48,29.24,2.9
17-08-18,Kolkata,15.45,38.52,24.15,2.15
18-08-18,Kolkata,22.12,37.13,31.38,1.96
19-08-18,Kolkata,21.81,44.72,28.35,2.37
20-08-18,Kolkata,27.37,56.15,31.44,2.7
21-08-18,Kolkata,25.66,42.12,25.36,1.96
22-08-18,Kolkata,19.35,35.35,28.44,2.01
23-08-18,Kolkata,22.65,42.94,29.26,2.24
24-08-18,Kolkata,30.95,48.85,29.56,2.48
25-08-18,Kolkata,31.74,53.71,31.29,2.96
26-08-18,Kolkata,33.51,62.61,33.3,3.38
27-08-18,Kolkata,21.28,44.44,27.73,2.15
28-08-18,Kolkata,16.35,40.01,23.58,1.98
29-08-18,Kolkata,23.84,45.8,27.1,2.45
30-08-18,Kolkata,16.24,39.88,26.51,1.84
31-08-18,Kolkata,19.81,32.27,26.09,1.96
01-09-18,Kolkata,36.88,68.19,33.64,3.2
02-09-18,Kolkata,32.59,56.16,31.49,2.55
03-09-18,Kolkata,21.05,44.47,28.45,2.28
04-09-18,Kolkata,23.37,35.98,26.83,1.9
05-09-18,Kolkata,40.84,76.42,35.24,4.77
06-09-18,Kolkata,51.52,81.85,34.38,3.77
07-09-18,Kolkata,22.37,36.48,25.78,1.97
08-09-18,Kolkata,15.63,32.99,23.7,1.88
09-09-18,Kolkata,23.25,42.44,27.7,1.98
10-09-18,Kolkata,25.88,53.81,28.89,2.64
11-09-18,Kolkata,24.61,57.42,25.93,3
12-09-18,Kolkata,29.97,44.18,27.76,2.96
13-09-18,Kolkata,39.79,56,31.67,3.09
14-09-18,Kolkata,49.94,93.29,35.43,4.95
15-09-18,Kolkata,49.92,72.04,32.33,4.29
16-09-18,Kolkata,55.98,93.88,38.93,4.58
17-09-18,Kolkata,54.94,77.14,34.79,3.55
18-09-18,Kolkata,47.46,68.05,31.06,2.45
19-09-18,Kolkata,60.13,84.02,32.46,3.62
20-09-18,Kolkata,52.38,94.38,36.15,4.06
21-09-18,Kolkata,44.98,63.77,31.79,3.13
22-09-18,Kolkata,16.51,32.57,23.24,1.94
23-09-18,Kolkata,16.43,28.53,23.78,1.98
24-09-18,Kolkata,24.02,48.04,29.18,3.07
25-09-18,Kolkata,25.81,55.5,26.55,3.12
26-09-18,Kolkata,28.37,44.63,28.34,2.69
27-09-18,Kolkata,36.55,59.17,31.97,3.02
28-09-18,Kolkata,53.58,83.68,34.99,3.91
29-09-18,Kolkata,52.15,76.07,37.79,3.34
30-09-18,Kolkata,50.65,81.09,39.1,4.38
01-10-18,Kolkata,52.78,72.07,36.4,3.67
02-10-18,Kolkata,55.91,71,32.18,2.81
03-10-18,Kolkata,50.2,84.17,38.15,4.37
04-10-18,Kolkata,62.89,94.38,35.1,4.85
05-10-18,Kolkata,72.18,109.74,42,5.97
06-10-18,Kolkata,67.85,119.71,37.03,5.89
07-10-18,Kolkata,76.88,127.12,39.99,5.81
08-10-18,Kolkata,87.4,123.85,39.93,4.89
09-10-18,Kolkata,70.91,123.99,35.21,5.8
10-10-18,Kolkata,72.14,116.49,45.97,6.23
11-10-18,Kolkata,46.68,80.37,33.73,3.54
12-10-18,Kolkata,16.1,42.96,27.65,2.43
13-10-18,Kolkata,23.99,59.65,28.84,2.53
14-10-18,Kolkata,28.14,43.39,25.26,2.42
15-10-18,Kolkata,30.6,54.16,28.53,2.9
16-10-18,Kolkata,59.84,104.02,36.65,5.35
17-10-18,Kolkata,78.69,147.5,46.94,8.68
18-10-18,Kolkata,108.12,196.6,56.44,11.72
19-10-18,Kolkata,115.14,205.8,63.84,12.61
20-10-18,Kolkata,115.06,193.21,58.66,14.5
21-10-18,Kolkata,102.51,165.99,49.81,8.51
22-10-18,Kolkata,79.52,133.45,40.32,7.08
23-10-18,Kolkata,73.41,104.41,36.6,4.03
24-10-18,Kolkata,85.29,130.78,45.38,6.28
25-10-18,Kolkata,81.79,143.38,47.52,5.38
26-10-18,Kolkata,79.84,132.35,44.73,5.7
27-10-18,Kolkata,85.86,139.18,49.28,5.77
28-10-18,Kolkata,99.29,180.47,54.02,7.32
29-10-18,Kolkata,87.01,161.71,47.89,5.75
30-10-18,Kolkata,55.64,90.7,34.22,3.9
31-10-18,Kolkata,30.18,49.46,29.88,2.64
01-11-18,Kolkata,22.5,43.2,28.49,2.29
02-11-18,Kolkata,27.53,51.52,31.51,3.07
03-11-18,Kolkata,38.62,74.41,35.44,3.94
04-11-18,Kolkata,49.85,89.61,39.52,4.59
05-11-18,Kolkata,54.58,98.19,42.71,4.48
06-11-18,Kolkata,36.76,67,37.14,5.1
07-11-18,Kolkata,44.84,79.27,45.59,8.36
08-11-18,Kolkata,170.83,199.45,50.91,9.74
09-11-18,Kolkata,268.45,288.31,65.67,12.85
10-11-18,Kolkata,169.65,241.37,61.54,13.14
11-11-18,Kolkata,165.6,210.79,57.48,9.85
12-11-18,Kolkata,119.82,197.64,52.03,10.42
13-11-18,Kolkata,112.14,166.13,37.88,6.79
14-11-18,Kolkata,133.85,178.03,36.76,7.04
15-11-18,Kolkata,138.92,209.5,52.74,9.66
16-11-18,Kolkata,153.83,221.02,57.46,9.72
17-11-18,Kolkata,146.11,205.45,57.05,12.67
18-11-18,Kolkata,117.3,201.41,61.64,13.95
19-11-18,Kolkata,134.75,206.48,59.43,9.84
20-11-18,Kolkata,122.57,173.53,45.56,4.96
21-11-18,Kolkata,144.03,208.07,55.01,8.48
22-11-18,Kolkata,149.62,197.7,52.77,9.33
23-11-18,Kolkata,149.14,212.84,46.77,7.5
24-11-18,Kolkata,171.18,266.62,58.42,11.22
25-11-18,Kolkata,170.85,253.61,56.81,11.07
26-11-18,Kolkata,199.51,298.48,59.3,12.33
27-11-18,Kolkata,177.03,256.56,56.74,8.76
28-11-18,Kolkata,132.46,221.01,53.83,8.56
29-11-18,Kolkata,115.53,199.97,50.64,7.75
30-11-18,Kolkata,99.01,182.23,44.08,6.54
01-12-18,Kolkata,93.35,158.29,43.49,5.93
02-12-18,Kolkata,129.43,219.84,55.55,10.11
03-12-18,Kolkata,154.12,233.84,62.55,12.15
04-12-18,Kolkata,146.83,235.26,51.49,7.86
05-12-18,Kolkata,152.3,233.49,59.79,8.11
06-12-18,Kolkata,190.96,273.31,58.71,11.88
07-12-18,Kolkata,198.72,263.98,78.72,12.61
08-12-18,Kolkata,198.63,290.22,65.1,11.44
09-12-18,Kolkata,218.37,295.88,73.62,13.66
10-12-18,Kolkata,219.61,298.85,70.84,11.28
11-12-18,Kolkata,196.25,299.03,69.88,8.71
12-12-18,Kolkata,182.36,269.21,59.16,9.99
13-12-18,Kolkata,167.77,257.25,59.13,10.04
14-12-18,Kolkata,160.27,242.47,61.92,11.03
15-12-18,Kolkata,120.07,182.25,53.48,9.89
16-12-18,Kolkata,128.4,201.94,55.37,9.7
17-12-18,Kolkata,130.17,231.08,59.04,13.63
18-12-18,Kolkata,112.77,174.16,47.35,8.04
19-12-18,Kolkata,83.41,128.37,36.76,5
20-12-18,Kolkata,61.5,104.84,42.22,3.84
21-12-18,Kolkata,91.33,152.34,50.17,7.26
22-12-18,Kolkata,161.98,236.28,51.06,9.12
23-12-18,Kolkata,188.71,303.02,65.92,11.69
24-12-18,Kolkata,194.21,279.09,67.36,11.37
25-12-18,Kolkata,181.62,254.52,64.42,9.48
26-12-18,Kolkata,178.78,297.6,69.15,11.69
27-12-18,Kolkata,206.71,301.6,78.08,12.07
28-12-18,Kolkata,208.5,291.3,84.5,11.64
29-12-18,Kolkata,213.05,315.71,92.71,14.26
30-12-18,Kolkata,193.98,282.99,81.99,11.2
31-12-18,Kolkata,203.49,294.05,82.72,13.18
01-01-19,Kolkata,173.59,247.49,65.48,10.94
02-01-19,Kolkata,207.71,289.91,75.93,12.62
03-01-19,Kolkata,180.35,249.39,75.18,10.7
04-01-19,Kolkata,174.77,263.63,83.74,12.62
05-01-19,Kolkata,244.18,367.23,102.1,18.75
06-01-19,Kolkata,222.4,313.17,87.77,12.96
07-01-19,Kolkata,188.12,298.93,79.82,13.47
08-01-19,Kolkata,159.19,228.95,69.66,10.06
09-01-19,Kolkata,153.96,225.23,80.74,12.35
10-01-19,Kolkata,153.79,225.63,62.97,11.09
11-01-19,Kolkata,184.21,262.69,66.44,11.53
12-01-19,Kolkata,199.55,254.97,75.56,10.81
13-01-19,Kolkata,207.64,270.83,71.39,12.81
14-01-19,Kolkata,215.91,294.88,73.9,13.75
15-01-19,Kolkata,213.26,257.36,66.24,10.53
16-01-19,Kolkata,236.44,322.99,89.74,16.73
17-01-19,Kolkata,163.07,247.3,68.15,11.98
18-01-19,Kolkata,156.63,223.82,66.38,13.95
19-01-19,Kolkata,188.86,270.06,70.96,14.74
20-01-19,Kolkata,236.97,357.87,80.07,16.41
21-01-19,Kolkata,221,331.05,73.06,14.8
22-01-19,Kolkata,208.08,270.16,61.18,11.38
23-01-19,Kolkata,216.59,324.31,69.79,12.9
24-01-19,Kolkata,260.71,316.98,83.08,13.61
25-01-19,Kolkata,200.17,254.95,63.98,9
26-01-19,Kolkata,176.06,278.66,79.73,11.38
27-01-19,Kolkata,143.98,252.38,73.24,11.7
28-01-19,Kolkata,120.22,212.74,63.42,9.79
29-01-19,Kolkata,124.3,203.68,67.66,10.87
30-01-19,Kolkata,109.52,175.96,60.15,9.96
31-01-19,Kolkata,118.56,199.07,61.37,7.83
01-02-19,Kolkata,118.25,214.06,72.66,11.35
02-02-19,Kolkata,154.32,252.08,69.91,12.5
03-02-19,Kolkata,203.21,259.84,70.93,11.36
04-02-19,Kolkata,162.42,246.99,67.76,11.26
05-02-19,Kolkata,156.69,232.13,68.51,11.1
06-02-19,Kolkata,158.7,258.61,78.32,13.8
07-02-19,Kolkata,156.24,236.1,69.48,12.41
08-02-19,Kolkata,169.46,246.77,82.88,12.28
09-02-19,Kolkata,161.67,235.55,72.91,11.82
10-02-19,Kolkata,133.05,216.51,62.53,9.99
11-02-19,Kolkata,98.94,162.91,52.37,7.95
12-02-19,Kolkata,69.78,151.32,55.99,7.5
13-02-19,Kolkata,105.78,182.33,67.31,9.72
14-02-19,Kolkata,130.91,200.17,64.42,9.95
15-02-19,Kolkata,161.65,257.76,83.67,14.57
16-02-19,Kolkata,166.46,240.12,85.44,13.11
17-02-19,Kolkata,154.68,215.84,76.13,12.6
18-02-19,Kolkata,97.14,164.29,66.62,10.15
19-02-19,Kolkata,98.93,154.7,61.61,8.31
20-02-19,Kolkata,132.51,204.26,76.3,10.19
21-02-19,Kolkata,119.92,169.73,61.4,10.21
22-02-19,Kolkata,113.51,172.31,62.42,9.62
23-02-19,Kolkata,134.17,195.47,63.01,10.56
24-02-19,Kolkata,98.71,168.07,57.2,10.97
25-02-19,Kolkata,117.36,171.31,63.59,8.37
26-02-19,Kolkata,89.7,137.78,48.33,6.79
27-02-19,Kolkata,61.28,83.4,47.83,4.22
28-02-19,Kolkata,47.17,76.97,42.53,3.85
01-03-19,Kolkata,31.95,46.87,36,2.36
02-03-19,Kolkata,57.16,98.06,48.99,4.73
03-03-19,Kolkata,71.4,134.59,56.99,6.82
04-03-19,Kolkata,85.74,155.16,64.22,7.4
05-03-19,Kolkata,105.82,159.89,63.81,9.01
06-03-19,Kolkata,75.3,114.21,44.02,4.33
07-03-19,Kolkata,63.45,117.27,42.93,4.98
08-03-19,Kolkata,92.56,162.23,53.84,6.84
09-03-19,Kolkata,77.34,135.14,53.62,6.88
10-03-19,Kolkata,84.26,163.28,60.12,11.14
11-03-19,Kolkata,94.62,161.91,54.41,6.81
12-03-19,Kolkata,62.97,109.49,34.66,3.01
13-03-19,Kolkata,81.93,149.22,45.12,6.46
14-03-19,Kolkata,87.09,141.08,42.67,8.46
15-03-19,Kolkata,79.07,121.34,44.43,5.62
16-03-19,Kolkata,87.38,159.25,49.88,8.05
17-03-19,Kolkata,73.28,119.44,49.92,6.56
18-03-19,Kolkata,58.69,105.96,46.8,6.06
19-03-19,Kolkata,61.27,99.56,39.68,4.79
20-03-19,Kolkata,61.11,109.45,50.12,5.37
21-03-19,Kolkata,68.46,130.1,49.84,8.39
22-03-19,Kolkata,69.07,134.81,48.43,7.91
23-03-19,Kolkata,52.11,85.13,30.8,4.53
24-03-19,Kolkata,51.94,90.89,39.05,4.75
25-03-19,Kolkata,77.68,126.96,60,7.9
26-03-19,Kolkata,72.8,110.14,57.53,6.15
27-03-19,Kolkata,86.09,150.29,59.06,7.94
28-03-19,Kolkata,70.41,143.56,42.74,5.2
29-03-19,Kolkata,61.4,100.15,47.1,7.82
30-03-19,Kolkata,60.74,108.38,42.42,5.15
31-03-19,Kolkata,47.96,96.26,36.1,4.37
01-04-19,Kolkata,51.06,96.21,34.32,4.03
02-04-19,Kolkata,43.64,76.42,30.37,3.04
03-04-19,Kolkata,29.19,57.64,29.71,1.96
04-04-19,Kolkata,48.54,92.58,32.04,4.09
05-04-19,Kolkata,41.48,82.99,23.19,2.11
06-04-19,Kolkata,42.46,83.18,36.05,8.01
07-04-19,Kolkata,44.42,91,40.87,8.72
08-04-19,Kolkata,31.74,59.57,34.45,7.07
09-04-19,Kolkata,36.52,84.99,43.43,9.63
10-04-19,Kolkata,30.95,79.36,43.98,8.53
11-04-19,Kolkata,32.27,68.43,40.17,7.13
12-04-19,Kolkata,30.78,70.36,39.89,7.74
13-04-19,Kolkata,30.9,60.94,37.02,6.77
14-04-19,Kolkata,33.51,72.99,35.16,6.57
15-04-19,Kolkata,36.54,71.48,35.9,7.69
16-04-19,Kolkata,32.49,63.09,31.73,6.3
17-04-19,Kolkata,32.41,74.06,35.5,7.63
18-04-19,Kolkata,44.06,76.77,36.75,7.86
19-04-19,Kolkata,57.04,110.07,40.8,9.67
20-04-19,Kolkata,64.32,125.99,44.51,11.1
21-04-19,Kolkata,57.92,101.3,42.85,11.71
22-04-19,Kolkata,45.18,94.71,38.53,10.29
23-04-19,Kolkata,37.24,72.22,35.41,6.53
24-04-19,Kolkata,37.75,74.5,37.69,8.26
25-04-19,Kolkata,39.81,81.87,41.48,8.77
26-04-19,Kolkata,40.34,73.57,34.01,6.64
27-04-19,Kolkata,29.3,60.13,35.66,7.29
28-04-19,Kolkata,40.71,75.39,35.44,6.55
29-04-19,Kolkata,38.41,70.02,31.55,6.55
30-04-19,Kolkata,31.02,64.11,31.58,5.76
01-05-19,Kolkata,28.42,70.66,32.37,6.19
02-05-19,Kolkata,30.42,84.28,36.64,7.42
03-05-19,Kolkata,20.32,60.99,34.92,6.03
04-05-19,Kolkata,19.65,52.12,28.99,5.19
05-05-19,Kolkata,16.02,30.63,23.99,3.84
06-05-19,Kolkata,39.65,69.83,37.74,6.37
07-05-19,Kolkata,44.26,77.51,27.25,5.4
08-05-19,Kolkata,49.72,88.68,31.71,6.02
09-05-19,Kolkata,55.99,101.97,32.42,6.1
10-05-19,Kolkata,47.91,80.96,33.09,6.52
11-05-19,Kolkata,60.15,104.46,32.02,6.35
12-05-19,Kolkata,50.87,91.47,28.69,5.84
13-05-19,Kolkata,45.6,86.49,30.76,6.07
14-05-19,Kolkata,48.26,85.44,28.38,5.66
15-05-19,Kolkata,34,72.28,32.57,6.57
16-05-19,Kolkata,31.97,68.11,30.26,5.95
17-05-19,Kolkata,41.26,77.04,33.8,6.56
18-05-19,Kolkata,39.81,82.92,32.33,6.15
19-05-19,Kolkata,44.55,74.85,28.35,5.49
20-05-19,Kolkata,38.97,81.89,29.87,6.17
21-05-19,Kolkata,49.93,94.62,11.41,2.51
22-05-19,Kolkata,38.28,69.67,27.71,5.94
23-05-19,Kolkata,30.28,64.02,29.66,6.34
24-05-19,Kolkata,33.38,76.77,28.04,6.22
25-05-19,Kolkata,29.02,60.5,26.06,6.27
26-05-19,Kolkata,30.18,70.8,29.82,6.37
27-05-19,Kolkata,29.36,72.85,34.7,6.82
28-05-19,Kolkata,30.52,62.72,27.34,5.32
29-05-19,Kolkata,38.04,71.29,27.78,5.91
30-05-19,Kolkata,37.07,71.57,33.26,7.12
31-05-19,Kolkata,35.26,76.76,32.86,6.86
01-06-19,Kolkata,32.21,63.5,26.8,5.63
02-06-19,Kolkata,28.12,62.54,32.21,6.2
03-06-19,Kolkata,33.34,64.68,26.24,5.76
04-06-19,Kolkata,23.45,48.88,22.94,4.03
05-06-19,Kolkata,32.2,66.55,31.59,6.97
06-06-19,Kolkata,33.82,69.07,25.63,6.1
07-06-19,Kolkata,25.35,40.1,25.86,4.01
08-06-19,Kolkata,pm2.5,pm10,so2,no2
09-06-19,Kolkata,170,252.06,124.61,16.41
10-06-19,Kolkata,-1,236.17,96.57,12.94
11-06-19,Kolkata,-1,101.98,57.01,8.54
12-06-19,Kolkata,36,73.08,49.15,6.24
13-06-19,Kolkata,47,82.56,55.48,5.9
14-06-19,Kolkata,-1,82.67,58.57,6.91
15-06-19,Kolkata,94,187.62,106.73,12.06
16-06-19,Kolkata,109,197.95,91.61,9.74
17-06-19,Kolkata,-1,242.59,113.43,10.82
18-06-19,Kolkata,132,235.6,97.42,11.77
19-06-19,Kolkata,105,193.41,87.71,11.08
20-06-19,Kolkata,-1,191.87,78.55,13.56
21-06-19,Kolkata,109,207.51,72.38,9.56
22-06-19,Kolkata,136,224.1,90.18,13.49
23-06-19,Kolkata,-1,271,115.18,12.93
24-06-19,Kolkata,138,293.42,188.13,14.47
25-06-19,Kolkata,148,256.6,158.48,11.75
26-06-19,Kolkata,-1,201.22,116.85,13.67
27-06-19,Kolkata,-1,178.78,107.93,14.07
28-06-19,Kolkata,117,207.44,78.58,8.77
29-06-19,Kolkata,127,254.11,95.75,12.63
30-06-19,Kolkata,-1,200.6,100.61,14.75

This was added later